<schemalist>
  <schema id="org.valapanel.core">
    <key name="units" type="as">
      <default>[]</default>
    </key>
  </schema>
  <enum id="org.valapanel.Type">
    <value nick="toplevel" value="0"/>
    <value nick="applet" value="1"/>
  </enum>
  <schema id="org.valapanel.object">
    <key name="object-type" enum="org.valapanel.Type">
      <default>'applet'</default>
    </key>
  </schema>
  <enum id="org.valapanel.Gravity">
    <value nick="north-left" value="0"/>
    <value nick="north-center" value="1"/>
    <value nick="north-right" value="2"/>
    <value nick="south-left" value="3"/>
    <value nick="south-center" value="4"/>
    <value nick="south-right" value="5"/>
    <value nick="west-up" value="6"/>
    <value nick="west-center" value="7"/>
    <value nick="west-down" value="8"/>
    <value nick="east-up" value="9"/>
    <value nick="east-center" value="10"/>
    <value nick="east-down" value="11"/>
  </enum>
  <enum id="org.valapanel.PackType">
    <value nick="start" value="0"/>
    <value nick="end" value="1"/>
    <value nick="center" value="2"/>
  </enum>
  <schema id="org.valapanel.toplevel">
    <key name="name" type="s">
      <default>''</default>
    </key>
    <key name="applets" type="as">
      <default>[]</default>
    </key>
    <key name="monitor" type="i">
      <default>-1</default>
    </key>
    <key name="panel-gravity" enum="org.valapanel.Gravity">
      <default>'north-left'</default>
    </key>
    <key name="height" type="i">
	  <range min="16" max="200"/>
      <default>26</default>
    </key>
    <key name="width" type="i">
      <default>100</default>
    </key>
    <key name="is-dynamic" type="b">
      <default>false</default>
    </key>
    <key name="icon-size" type="i">
	  <range min="16" max="200"/>
      <default>24</default>
    </key>
    <key name="dock" type="b">
      <default>true</default>
    </key>
    <key name="strut" type="b">
      <default>true</default>
    </key>
    <key name="autohide" type="b">
      <default>false</default>
    </key>
    <key name="background-color" type="s">
      <default>'rgb(255,255,255)'</default>
    </key>
    <key name="background-file" type="s">
      <default>''</default>
    </key>
    <key name="font-size-only" type="b">
      <default>false</default>
    </key>
    <key name="use-background-color" type="b">
      <default>false</default>
    </key>
    <key name="use-background-file" type="b">
      <default>false</default>
    </key>
    <key name="use-font" type="b">
      <default>false</default>
    </key>
    <key name="use-foreground-color" type="b">
      <default>false</default>
    </key>
    <key name="foreground-color" type="s">
      <default>'rgb(255,255,255)'</default>
    </key>
    <key name="font" type="s">
      <default>'Arial 10'</default>
    </key>
    <key name="round-corners-size" type="i">
      <default>0</default>
    </key>
  </schema>
  <schema id="org.valapanel.toplevel.plugin">
    <key name="toplevel-id" type="s">
      <default>''</default>
    </key>
    <key name="plugin-type" type="s">
      <default>''</default>
    </key>
    <key name="can-expand" type="b">
      <default>false</default>
    </key>
    <key name="is-expanded" type="b">
      <default>false</default>
    </key>
    <key name="position" type="u">
      <default>0</default>
    </key>
    <key name="pack-type" enum="org.valapanel.PackType">
      <default>'start'</default>
    </key>
  </schema>
</schemalist>
